<?xml version='1.0' encoding='UTF-8'?>
<document>
	<title><![CDATA[Premier article]]></title>
	<allow_com>1</allow_com>
	<template><![CDATA[article.php]]></template>
	<chapo><![CDATA[<p>Le login est <strong>admin </strong>et le mot de passe<strong> admin</strong>.</p>

<p><strong>Pensez à les modifier tout de suite.  ;)</strong></p>

<hr>
<p>Sed ut perspiciatis unde omnis iste natus error sit voluptatem accusantium doloremque laudantium, totam rem aperiam, eaque ipsa quae ab illo inventore veritatis et quasi architecto beatae vitae dicta sunt explicabo.</p>]]></chapo>
	<content><![CDATA[<p>Procedente igitur mox tempore cum adventicium nihil inveniretur, relicta ora maritima in Lycaoniam adnexam Isauriae se contulerunt ibique densis intersaepientes itinera praetenturis provincialium et viatorum opibus pascebantur.</p>
<p>Quam quidem partem accusationis admiratus sum et moleste tuli potissimum esse Atratino datam. Neque enim decebat neque aetas illa postulabat neque, id quod animadvertere poteratis, pudor patiebatur optimi adulescentis in tali illum oratione versari. Vellem aliquis ex vobis robustioribus hunc male dicendi locum suscepisset; aliquanto liberius et fortius et magis more nostro refutaremus istam male dicendi licentiam. Tecum, Atratine, agam lenius, quod et pudor tuus moderatur orationi meae et meum erga te parentemque tuum beneficium tueri debeo.</p>
<ul>
<li>Quod si rectum statuerimus vel concedere amicis,</li>
<li>Dum haec in oriente aguntur, Arelate hiemem agens</li>
<li>Quae dum ita struuntur, indicatum est apud Tyrum</li>
<li>Siquis enim militarium vel honoratorum aut nobilis</li>
<li>Post haec indumentum regale quaerebatur et</li>
</ul>
<p>Ideoque fertur neminem aliquando ob haec vel similia poenae addictum oblato de more elogio revocari iussisse, quod inexorabiles quoque principes factitarunt. et exitiale hoc vitium, quod in aliis non numquam intepescit, in illo aetatis progressu effervescebat, obstinatum eius propositum accendente adulatorum cohorte.</p>
<p>Siquis enim militarium vel honoratorum aut nobilis inter suos rumore tenus esset insimulatus fovisse partes hostiles, iniecto onere catenarum in modum beluae trahebatur et inimico urgente vel nullo, quasi sufficiente hoc solo, quod nominatus esset aut delatus aut postulatus, capite vel multatione bonorum aut insulari solitudine damnabatur.</p>
<p>Isdem diebus Apollinaris Domitiani gener, paulo ante agens palatii Caesaris curam, ad Mesopotamiam missus a socero per militares numeros immodice scrutabatur, an quaedam altiora meditantis iam Galli secreta susceperint scripta, qui conpertis Antiochiae gestis per minorem Armeniam lapsus Constantinopolim petit exindeque per protectores retractus artissime tenebatur.</p>]]></content>
	<tags><![CDATA[PluXml]]></tags>
	<meta_description><![CDATA[]]></meta_description>
	<meta_keywords><![CDATA[]]></meta_keywords>
	<title_htmltag><![CDATA[]]></title_htmltag>
	<thumbnail><![CDATA[]]></thumbnail>
	<thumbnail_alt><![CDATA[]]></thumbnail_alt>
	<thumbnail_title><![CDATA[]]></thumbnail_title>
	<date_creation><![CDATA[201609011639]]></date_creation>
	<date_update><![CDATA[201609011643]]></date_update>
</document>